source,gear,win,arrive,done,dropped,cum_arrived,cum_done,cum_dropped,hit_n,empty_n,rt_hit_p50,rt_empty_p50,prep_hit_p50,prep_empty_p50,thermal,battC,bucketed
camera_sweep1.log,0,1,20.62,21.11,0,42,43,0,30,0,40.0,-1.0,1.0,-1.0,4,43.0,True
camera_sweep1.log,0,2,23.15,23.15,0,89,90,0,30,0,38.0,-1.0,1.0,-1.0,4,43.0,True
camera_sweep1.log,0,3,26.33,26.33,0,142,143,0,30,0,32.0,-1.0,1.0,-1.0,4,43.0,True
camera_sweep1.log,0,4,23.86,23.36,0,190,190,0,30,0,38.0,-1.0,1.0,-1.0,4,43.0,True
camera_sweep1.log,0,5,24.46,24.46,0,239,239,0,30,0,37.0,-1.0,1.0,-1.0,4,43.0,True
camera_sweep1.log,0,6,26.21,26.71,0,292,293,0,30,30,41.0,29.0,1.0,1.0,4,43.0,True
camera_sweep1.log,0,7,28.0,28.0,0,349,350,0,30,30,41.0,28.0,1.0,1.0,4,43.0,True
camera_sweep1.log,0,8,28.63,28.63,0,407,408,0,30,30,41.0,29.0,1.0,1.0,4,43.0,True
camera_sweep1.log,0,9,26.35,25.87,0,461,461,0,30,30,41.0,31.0,1.0,1.0,4,43.0,True
camera_sweep1.log,0,10,26.39,26.89,0,514,515,0,30,30,41.0,30.0,1.0,1.0,4,43.0,True
camera_sweep1.log,0,11,25.63,25.14,0,566,566,0,30,30,41.0,32.0,1.0,1.0,4,43.0,True
camera_sweep1.log,0,12,25.3,25.3,0,617,617,0,30,30,41.0,31.0,1.0,1.0,4,43.0,True
camera_sweep1.log,0,13,24.82,24.82,0,668,668,0,30,30,34.0,32.0,1.0,1.0,4,43.0,True
camera_sweep1.log,0,14,25.5,26.0,0,719,720,0,30,30,36.0,35.0,1.0,1.0,4,43.0,True
camera_sweep1.log,0,15,26.28,25.79,0,773,773,0,30,30,36.0,29.0,1.0,1.0,4,43.0,True
camera_sweep1.log,0,16,25.05,25.05,0,824,824,0,30,30,39.0,29.0,1.0,1.0,4,43.0,True
camera_sweep1.log,0,17,21.8,21.8,0,868,868,0,30,30,43.0,29.0,1.0,1.0,4,43.0,True
camera_sweep1.log,0,18,23.45,23.45,0,915,915,0,30,30,39.0,29.0,1.0,1.0,4,43.0,True
camera_sweep1.log,0,19,21.97,21.97,0,959,959,0,30,30,45.0,29.0,1.0,1.0,4,43.0,True
camera_sweep1.log,0,20,21.31,21.31,0,1002,1002,0,30,30,39.0,29.0,1.0,1.0,4,43.0,True
camera_sweep1.log,0,21,23.42,23.42,0,1049,1049,0,30,30,33.0,29.0,1.0,1.0,4,43.0,True
camera_sweep1.log,0,22,22.97,22.97,0,1095,1095,0,30,30,37.0,29.0,1.0,1.0,4,43.0,True
camera_sweep1.log,0,23,24.74,25.24,0,1145,1146,0,30,30,36.0,29.0,1.0,1.0,4,43.0,True
camera_sweep1.log,0,24,24.79,24.29,0,1195,1195,0,30,30,32.0,29.0,1.0,1.0,4,43.0,True
camera_sweep1.log,0,25,22.75,22.75,0,1241,1241,0,30,30,44.0,29.0,1.0,1.0,4,43.0,True
camera_sweep1.log,1,26,30.06,30.06,0,61,61,0,0,30,-1.0,19.0,-1.0,1.0,4,43.0,True
camera_sweep1.log,1,27,29.99,29.99,0,122,122,0,0,30,-1.0,20.0,-1.0,1.0,4,43.0,True
camera_sweep1.log,1,28,29.87,29.87,0,183,183,0,0,30,-1.0,20.0,-1.0,1.0,4,43.0,True
camera_sweep1.log,1,29,30.15,30.15,0,244,244,0,0,30,-1.0,19.0,-1.0,1.0,4,43.0,True
camera_sweep1.log,1,30,29.96,29.96,0,305,305,0,0,30,-1.0,19.0,-1.0,1.0,4,42.0,True
camera_sweep1.log,1,31,29.98,29.98,0,366,366,0,0,30,-1.0,20.0,-1.0,1.0,4,42.0,True
camera_sweep1.log,1,32,30.05,30.05,0,61,61,0,0,30,-1.0,21.0,-1.0,1.0,4,42.0,True
camera_sweep1.log,1,33,30.08,30.08,0,122,122,0,0,30,-1.0,23.0,-1.0,1.0,4,42.0,True
camera_sweep1.log,1,34,29.93,29.93,0,182,182,0,0,30,-1.0,20.0,-1.0,1.0,4,42.0,True
camera_sweep1.log,1,35,30.17,30.17,0,243,243,0,0,30,-1.0,20.0,-1.0,1.0,4,42.0,True
camera_sweep1.log,1,36,29.88,29.88,0,303,303,0,0,30,-1.0,19.0,-1.0,1.0,4,42.0,True
camera_sweep1.log,1,37,30.35,29.85,0,364,363,0,0,30,-1.0,21.0,-1.0,1.0,4,42.0,True
camera_sweep1.log,1,38,29.53,30.02,0,424,424,0,0,30,-1.0,22.0,-1.0,1.0,4,42.0,True
camera_sweep1.log,1,39,30.05,30.05,0,485,485,0,0,30,-1.0,21.0,-1.0,1.0,4,42.0,True
camera_sweep1.log,1,40,30.18,30.18,0,546,546,0,0,30,-1.0,22.0,-1.0,1.0,4,42.0,True
camera_sweep1.log,1,41,29.46,29.46,0,605,605,0,0,30,-1.0,23.0,-1.0,1.0,4,42.0,True
camera_sweep1.log,1,42,30.27,29.79,0,667,666,0,0,30,-1.0,22.0,-1.0,1.0,4,42.0,True
camera_sweep1.log,1,43,29.66,30.15,0,727,727,0,0,30,-1.0,22.0,-1.0,1.0,4,42.0,True
camera_sweep1.log,1,44,30.42,29.93,0,789,788,0,0,30,-1.0,20.0,-1.0,1.0,4,42.0,True
camera_sweep1.log,1,45,29.62,30.11,0,849,849,0,0,30,-1.0,22.0,-1.0,1.0,4,42.0,True
camera_sweep1.log,1,46,29.96,29.96,0,909,909,0,0,30,-1.0,23.0,-1.0,1.0,4,42.0,True
camera_sweep1.log,1,47,30.2,30.2,0,970,970,0,0,30,-1.0,22.0,-1.0,1.0,4,42.0,True
camera_sweep1.log,1,48,29.85,29.85,0,1030,1030,0,0,30,-1.0,20.0,-1.0,1.0,4,42.0,True
camera_sweep1.log,1,49,30.02,30.02,0,1091,1091,0,0,30,-1.0,21.0,-1.0,1.0,4,42.0,True
camera_sweep1.log,1,50,30.08,30.08,0,1152,1152,0,0,30,-1.0,22.0,-1.0,1.0,4,42.0,True
camera_sweep1.log,1,51,29.85,29.85,0,1212,1212,0,0,30,-1.0,21.0,-1.0,1.0,4,42.0,True
camera_sweep1.log,1,52,30.2,30.2,0,1273,1273,0,0,30,-1.0,21.0,-1.0,1.0,4,42.0,True
camera_sweep1.log,1,53,29.9,29.9,0,1334,1334,0,0,30,-1.0,20.0,-1.0,1.0,4,42.0,True
camera_sweep1.log,1,54,30.3,29.81,0,1396,1395,0,0,30,-1.0,19.0,-1.0,1.0,4,42.0,True
camera_sweep1.log,1,55,29.91,30.41,0,1456,1456,0,0,30,-1.0,20.0,-1.0,1.0,4,42.0,True
camera_sweep1.log,1,56,29.88,29.88,0,1516,1516,0,0,30,-1.0,20.0,-1.0,1.0,4,42.0,True
camera_sweep1.log,1,57,29.43,29.43,0,1576,1576,0,0,30,-1.0,21.0,-1.0,1.0,4,42.0,True
camera_sweep1.log,1,58,30.41,29.92,0,1638,1637,0,0,30,-1.0,21.0,-1.0,1.0,4,42.0,True
camera_sweep1.log,1,59,29.62,30.11,0,1698,1698,0,0,30,-1.0,21.0,-1.0,1.0,4,42.0,True
camera_sweep1.log,1,60,30.06,30.06,0,1759,1759,0,0,30,-1.0,21.0,-1.0,1.0,4,42.0,True
camera_sweep1.log,1,61,29.44,29.44,0,1818,1818,0,0,30,-1.0,20.0,-1.0,1.0,4,42.0,True
camera_sweep1.log,1,62,30.2,30.2,0,1879,1879,0,0,30,-1.0,17.0,-1.0,1.0,4,42.0,True
camera_sweep1.log,1,63,29.84,29.84,0,1939,1939,0,0,30,-1.0,18.0,-1.0,1.0,4,42.0,True
camera_sweep1.log,1,64,29.91,29.91,0,1999,1999,0,0,30,-1.0,19.0,-1.0,1.0,4,42.0,True
camera_sweep1.log,1,65,30.23,30.23,0,2060,2060,0,0,30,-1.0,21.0,-1.0,1.0,4,42.0,True
camera_sweep1.log,1,66,29.41,29.41,0,2119,2119,0,0,30,-1.0,22.0,-1.0,1.0,4,41.0,True
camera_sweep1.log,1,67,30.35,29.85,0,2180,2179,0,0,30,-1.0,22.0,-1.0,1.0,4,41.0,True
camera_sweep1.log,1,68,29.62,30.11,0,2240,2240,0,0,30,-1.0,23.0,-1.0,1.0,4,41.0,True
camera_sweep1.log,1,69,30.15,30.15,0,2301,2301,0,0,30,-1.0,21.0,-1.0,1.0,4,41.0,True
camera_sweep1.log,1,70,30.0,30.0,0,2361,2361,0,0,30,-1.0,20.0,-1.0,1.0,4,41.0,True
camera_sweep1.log,1,71,29.37,29.37,0,2421,2421,0,0,30,-1.0,20.0,-1.0,1.0,4,42.0,True
camera_sweep1.log,1,72,30.23,30.23,0,2482,2482,0,0,30,-1.0,21.0,-1.0,1.0,4,42.0,True
camera_sweep1.log,1,73,29.94,29.94,0,2542,2542,0,0,30,-1.0,19.0,-1.0,1.0,4,42.0,True
camera_sweep1.log,1,74,29.88,29.88,0,2602,2602,0,0,30,-1.0,21.0,-1.0,1.0,4,42.0,True
camera_sweep1.log,1,75,30.02,30.02,0,2663,2663,0,0,30,-1.0,23.0,-1.0,1.0,4,42.0,True
camera_sweep1.log,1,76,29.75,29.75,0,2723,2723,0,10,30,29.0,20.0,1.0,1.0,4,42.0,True
camera_sweep1.log,1,77,30.06,29.57,0,2784,2783,0,30,30,26.0,20.0,1.0,1.0,4,42.0,True
camera_sweep1.log,1,78,26.3,26.8,0,2837,2837,0,30,30,26.0,20.0,1.0,1.0,4,42.0,True
camera_sweep1.log,1,79,29.32,28.83,0,2896,2895,0,30,30,27.0,20.0,1.0,1.0,4,42.0,True
camera_sweep1.log,1,80,28.68,29.18,0,2954,2954,0,30,30,27.0,20.0,1.0,1.0,4,42.0,True
camera_sweep1.log,1,81,28.86,28.36,0,3012,3011,0,30,30,28.0,20.0,1.0,1.0,4,41.0,True
camera_sweep1.log,3,82,29.94,29.94,0,60,60,0,0,0,-1.0,-1.0,-1.0,-1.0,4,41.0,True
camera_sweep1.log,3,83,30.08,30.08,0,121,121,0,0,0,-1.0,-1.0,-1.0,-1.0,4,41.0,True
camera_sweep1.log,3,84,29.95,29.95,0,182,182,0,0,0,-1.0,-1.0,-1.0,-1.0,4,41.0,True
camera_sweep1.log,3,85,29.57,29.57,0,242,242,0,0,0,-1.0,-1.0,-1.0,-1.0,4,41.0,True
camera_sweep1.log,3,86,29.92,29.92,0,303,303,0,0,0,-1.0,-1.0,-1.0,-1.0,4,41.0,True
camera_sweep1.log,3,87,30.14,30.14,0,364,364,0,0,0,-1.0,-1.0,-1.0,-1.0,4,41.0,True
camera_sweep1.log,3,88,29.94,29.94,0,424,424,0,0,0,-1.0,-1.0,-1.0,-1.0,4,41.0,True
camera_sweep1.log,3,89,30.03,30.03,0,485,485,0,0,0,-1.0,-1.0,-1.0,-1.0,3,41.0,True
camera_sweep1.log,3,90,29.99,29.99,0,545,545,0,0,0,-1.0,-1.0,-1.0,-1.0,3,41.0,True
camera_sweep1.log,3,91,28.94,28.94,0,603,603,0,0,0,-1.0,-1.0,-1.0,-1.0,3,41.0,True
camera_sweep1.log,3,92,26.93,26.93,0,657,657,0,0,0,-1.0,-1.0,-1.0,-1.0,3,41.0,True
camera_sweep1.log,3,93,29.11,29.11,0,716,716,0,0,0,-1.0,-1.0,-1.0,-1.0,3,41.0,True
camera_sweep1.log,3,94,29.97,29.97,0,776,776,0,0,0,-1.0,-1.0,-1.0,-1.0,3,41.0,True
camera_sweep1.log,3,95,30.0,30.0,0,836,836,0,0,0,-1.0,-1.0,-1.0,-1.0,3,41.0,True
camera_sweep1.log,3,96,30.09,30.09,0,897,897,0,0,0,-1.0,-1.0,-1.0,-1.0,3,41.0,True
camera_sweep1.log,3,97,29.91,29.91,0,957,957,0,0,0,-1.0,-1.0,-1.0,-1.0,3,41.0,True
camera_sweep1.log,3,98,30.09,30.09,0,1018,1018,0,0,0,-1.0,-1.0,-1.0,-1.0,3,41.0,True
camera_sweep1.log,3,99,29.98,29.98,0,1079,1079,0,0,0,-1.0,-1.0,-1.0,-1.0,3,41.0,True
camera_sweep1.log,3,100,30.02,30.02,0,1140,1140,0,0,0,-1.0,-1.0,-1.0,-1.0,3,41.0,True
camera_sweep1.log,3,101,30.0,30.0,0,1200,1200,0,0,0,-1.0,-1.0,-1.0,-1.0,3,41.0,True
camera_sweep1.log,3,102,29.93,29.93,0,1261,1261,0,0,0,-1.0,-1.0,-1.0,-1.0,3,41.0,True
camera_sweep1.log,3,103,30.15,30.15,0,1322,1322,0,0,0,-1.0,-1.0,-1.0,-1.0,3,41.0,True
camera_sweep1.log,3,104,29.96,29.96,0,1382,1382,0,0,0,-1.0,-1.0,-1.0,-1.0,3,41.0,True
camera_sweep1.log,3,105,29.99,29.99,0,1442,1442,0,0,0,-1.0,-1.0,-1.0,-1.0,3,41.0,True
camera_sweep1.log,3,106,29.98,29.98,0,1503,1503,0,0,0,-1.0,-1.0,-1.0,-1.0,3,41.0,True
camera_sweep1.log,3,107,30.18,30.18,0,1564,1564,0,0,0,-1.0,-1.0,-1.0,-1.0,3,41.0,True
camera_sweep1.log,3,108,29.93,29.93,0,1624,1624,0,0,0,-1.0,-1.0,-1.0,-1.0,3,41.0,True
camera_sweep1.log,3,109,29.9,29.9,0,1684,1684,0,0,0,-1.0,-1.0,-1.0,-1.0,3,41.0,True
camera_sweep1.log,3,110,30.0,30.0,0,1744,1744,0,0,0,-1.0,-1.0,-1.0,-1.0,3,41.0,True
camera_sweep1.log,3,111,29.98,29.98,0,1805,1805,0,0,0,-1.0,-1.0,-1.0,-1.0,3,41.0,True
camera_sweep1.log,3,112,30.12,30.12,0,1866,1866,0,0,0,-1.0,-1.0,-1.0,-1.0,3,41.0,True
camera_sweep1.log,3,113,30.05,30.05,0,1927,1927,0,0,0,-1.0,-1.0,-1.0,-1.0,3,40.0,True
camera_sweep1.log,3,114,29.99,29.99,0,1988,1988,0,0,0,-1.0,-1.0,-1.0,-1.0,3,40.0,True
camera_sweep1.log,3,115,29.99,29.99,0,2049,2049,0,0,0,-1.0,-1.0,-1.0,-1.0,3,40.0,True
camera_sweep1.log,3,116,29.97,29.97,0,2109,2109,0,0,0,-1.0,-1.0,-1.0,-1.0,3,40.0,True
camera_sweep1.log,3,117,30.05,30.05,0,2170,2170,0,0,0,-1.0,-1.0,-1.0,-1.0,3,40.0,True
camera_sweep1.log,3,118,30.03,30.03,0,2231,2231,0,0,0,-1.0,-1.0,-1.0,-1.0,3,40.0,True
camera_sweep1.log,3,119,30.03,30.03,0,2292,2292,0,0,0,-1.0,-1.0,-1.0,-1.0,3,40.0,True
camera_sweep1.log,3,120,29.9,29.9,0,2352,2352,0,0,0,-1.0,-1.0,-1.0,-1.0,3,40.0,True
camera_sweep1.log,3,121,30.0,30.0,0,2413,2413,0,0,0,-1.0,-1.0,-1.0,-1.0,3,40.0,True
camera_sweep1.log,3,122,30.06,30.06,0,2474,2474,0,0,0,-1.0,-1.0,-1.0,-1.0,3,40.0,True
camera_sweep1.log,3,123,30.03,30.03,0,2535,2535,0,0,0,-1.0,-1.0,-1.0,-1.0,3,40.0,True
camera_sweep1.log,3,124,30.05,30.05,0,2596,2596,0,0,0,-1.0,-1.0,-1.0,-1.0,3,40.0,True
camera_sweep1.log,3,125,29.96,29.96,0,2656,2656,0,0,0,-1.0,-1.0,-1.0,-1.0,3,40.0,True
camera_sweep1.log,3,126,30.0,30.0,0,2716,2716,0,0,0,-1.0,-1.0,-1.0,-1.0,3,40.0,True
camera_sweep1.log,3,127,30.08,30.08,0,2777,2777,0,0,0,-1.0,-1.0,-1.0,-1.0,3,40.0,True
camera_sweep1.log,3,128,29.93,29.93,0,2837,2837,0,0,0,-1.0,-1.0,-1.0,-1.0,3,40.0,True
camera_sweep1.log,3,129,30.05,30.05,0,2898,2898,0,0,0,-1.0,-1.0,-1.0,-1.0,3,40.0,True
camera_sweep1.log,3,130,30.03,30.03,0,2959,2959,0,0,0,-1.0,-1.0,-1.0,-1.0,3,40.0,True
camera_sweep1.log,3,131,29.99,29.99,0,3019,3019,0,0,0,-1.0,-1.0,-1.0,-1.0,3,40.0,True
camera_sweep2.log,0,1,22.2,22.2,0,45,45,0,30,0,43.0,-1.0,1.0,-1.0,3,39.0,True
camera_sweep2.log,0,2,22.73,22.73,0,91,91,0,30,0,42.0,-1.0,1.0,-1.0,3,39.0,True
camera_sweep2.log,0,3,26.73,26.73,0,145,145,0,30,0,33.0,-1.0,1.0,-1.0,3,40.0,True
camera_sweep2.log,0,4,24.44,24.44,0,194,194,0,30,0,38.0,-1.0,1.0,-1.0,3,40.0,True
camera_sweep2.log,0,5,22.21,22.21,0,239,239,0,30,0,38.0,-1.0,1.0,-1.0,3,40.0,True
camera_sweep2.log,0,6,24.14,24.14,0,288,288,0,30,0,34.0,-1.0,1.0,-1.0,3,40.0,True
camera_sweep2.log,0,7,24.62,24.62,0,338,338,0,30,0,31.0,-1.0,1.0,-1.0,3,40.0,True
camera_sweep2.log,0,8,24.35,24.35,0,387,387,0,30,0,38.0,-1.0,1.0,-1.0,3,40.0,True
camera_sweep2.log,0,9,22.81,22.81,0,433,433,0,30,0,40.0,-1.0,1.0,-1.0,3,40.0,True
camera_sweep2.log,0,10,22.89,22.89,0,479,479,0,30,0,38.0,-1.0,1.0,-1.0,3,40.0,True
camera_sweep2.log,0,11,24.95,24.95,0,529,529,0,30,0,38.0,-1.0,1.0,-1.0,3,40.0,True
camera_sweep2.log,0,12,24.0,24.49,0,578,579,0,30,0,36.0,-1.0,1.0,-1.0,3,40.0,True
camera_sweep2.log,0,13,21.22,20.73,0,621,621,0,30,0,46.0,-1.0,1.0,-1.0,3,40.0,True
camera_sweep2.log,0,14,24.69,24.69,0,671,671,0,30,0,38.0,-1.0,1.0,-1.0,3,40.0,True
camera_sweep2.log,0,15,23.1,23.1,0,718,718,0,30,0,35.0,-1.0,1.0,-1.0,3,40.0,True
camera_sweep2.log,0,16,23.6,23.6,0,766,766,0,30,7,35.0,32.0,1.0,1.0,3,40.0,True
camera_sweep2.log,0,17,26.97,26.97,0,821,821,0,30,30,35.0,29.0,1.0,1.0,3,40.0,True
camera_sweep2.log,0,18,27.81,28.3,0,877,878,0,30,30,35.0,28.0,1.0,1.0,3,40.0,True
camera_sweep2.log,0,19,28.77,28.27,0,935,935,0,30,30,35.0,30.0,1.0,1.0,3,40.0,True
camera_sweep2.log,0,20,26.06,26.06,0,988,988,0,30,30,35.0,28.0,1.0,1.0,3,40.0,True
camera_sweep2.log,0,21,27.68,27.68,0,1044,1044,0,30,30,35.0,28.0,1.0,1.0,3,40.0,True
camera_sweep2.log,0,22,26.84,26.84,0,1098,1098,0,30,30,35.0,30.0,1.0,1.0,3,40.0,True
camera_sweep2.log,0,23,27.45,27.94,0,1153,1154,0,30,30,35.0,28.0,1.0,1.0,3,40.0,True
camera_sweep2.log,0,24,26.3,26.3,0,1206,1207,0,30,30,35.0,29.0,1.0,1.0,3,40.0,True
camera_sweep2.log,0,25,27.75,27.75,0,1262,1263,0,30,30,35.0,27.0,1.0,1.0,3,40.0,True
camera_sweep2.log,0,26,28.74,28.25,0,1320,1320,0,30,30,35.0,30.0,1.0,1.0,3,40.0,True
camera_sweep2.log,0,27,26.46,26.96,0,1373,1374,0,30,30,35.0,28.0,1.0,1.0,3,40.0,True
camera_sweep2.log,0,28,26.75,26.25,0,1427,1427,0,30,30,35.0,31.0,1.0,1.0,3,40.0,True
camera_sweep2.log,0,29,29.04,29.04,0,1486,1486,0,30,30,35.0,30.0,1.0,1.0,3,40.0,True
camera_sweep2.log,0,30,27.16,27.65,0,1541,1542,0,30,30,35.0,29.0,1.0,1.0,3,40.0,True
camera_sweep2.log,0,31,27.72,27.23,0,1597,1597,0,30,30,35.0,31.0,1.0,1.0,3,40.0,True
camera_sweep2.log,0,32,28.3,28.3,0,1654,1654,0,30,30,35.0,28.0,1.0,1.0,3,40.0,True
camera_sweep2.log,0,33,28.81,28.81,0,1713,1713,0,30,30,35.0,27.0,1.0,1.0,3,40.0,True
camera_sweep2.log,0,34,27.28,27.28,0,1768,1768,0,30,30,35.0,30.0,1.0,1.0,3,40.0,True
camera_sweep2.log,0,35,26.96,27.46,0,1822,1823,0,30,30,35.0,28.0,1.0,1.0,3,40.0,True
camera_sweep2.log,0,36,26.84,26.35,0,1877,1877,0,30,30,35.0,32.0,1.0,1.0,3,40.0,True
camera_sweep2.log,0,37,27.32,27.82,0,1932,1933,0,30,30,35.0,30.0,1.0,1.0,3,40.0,True
camera_sweep2.log,0,38,27.97,27.97,0,1988,1989,0,30,30,35.0,30.0,1.0,1.0,3,40.0,True
camera_sweep2.log,0,39,28.88,28.39,0,2046,2046,0,30,30,35.0,28.0,1.0,1.0,3,40.0,True
camera_sweep2.log,0,40,23.2,23.2,0,2093,2093,0,30,30,35.0,33.0,1.0,1.0,3,40.0,True
camera_sweep2.log,0,41,27.93,27.93,0,2149,2149,0,30,30,35.0,29.0,1.0,1.0,3,40.0,True
camera_sweep2.log,0,42,27.89,27.89,0,2205,2205,0,30,30,35.0,26.0,1.0,1.0,3,40.0,True
camera_sweep2.log,0,43,26.45,26.45,0,2258,2258,0,30,30,35.0,29.0,1.0,1.0,3,40.0,True
camera_sweep2.log,0,44,20.89,21.38,0,2300,2301,0,30,30,35.0,34.0,1.0,1.0,3,40.0,True
camera_sweep2.log,0,45,24.47,23.98,0,2350,2350,0,30,30,35.0,30.0,1.0,1.0,3,40.0,True
camera_sweep2.log,0,46,24.86,25.36,0,2400,2401,0,30,30,35.0,28.0,1.0,1.0,3,40.0,True
camera_sweep2.log,0,47,27.74,27.74,0,2456,2457,0,30,30,35.0,30.0,1.0,1.0,3,40.0,True
camera_sweep2.log,0,48,23.83,23.35,0,2505,2505,0,30,30,35.0,29.0,1.0,1.0,3,40.0,True
camera_sweep2.log,0,49,22.31,22.31,0,2550,2550,0,30,30,35.0,30.0,1.0,1.0,3,41.0,True
camera_sweep2.log,0,50,23.94,24.44,0,2598,2599,0,30,30,35.0,27.0,1.0,1.0,3,41.0,True
camera_sweep2.log,1,51,26.69,26.69,0,54,54,0,0,30,-1.0,18.0,-1.0,1.0,3,41.0,True
camera_sweep2.log,1,52,30.0,30.0,0,115,115,0,0,30,-1.0,20.0,-1.0,1.0,3,41.0,True
camera_sweep2.log,1,53,30.0,30.0,0,175,175,0,0,30,-1.0,20.0,-1.0,1.0,3,41.0,True
camera_sweep2.log,1,54,29.87,29.87,0,236,236,0,0,30,-1.0,21.0,-1.0,1.0,3,41.0,True
camera_sweep2.log,1,55,30.29,30.29,0,297,297,0,0,30,-1.0,20.0,-1.0,1.0,3,41.0,True
camera_sweep2.log,1,56,26.48,26.48,0,351,351,0,0,30,-1.0,21.0,-1.0,1.0,3,41.0,True
camera_sweep2.log,1,57,29.34,29.34,0,410,410,0,0,30,-1.0,19.0,-1.0,1.0,3,41.0,True
camera_sweep2.log,1,58,26.87,26.87,0,464,464,0,0,30,-1.0,23.0,-1.0,1.0,3,41.0,True
camera_sweep2.log,1,59,29.78,29.78,0,524,524,0,0,30,-1.0,23.0,-1.0,1.0,3,41.0,True
camera_sweep2.log,1,60,30.0,30.0,0,584,584,0,0,30,-1.0,19.0,-1.0,1.0,3,41.0,True
camera_sweep2.log,1,61,30.14,30.14,0,645,645,0,0,30,-1.0,18.0,-1.0,1.0,3,41.0,True
camera_sweep2.log,1,62,29.9,29.9,0,705,705,0,0,30,-1.0,23.0,-1.0,1.0,3,41.0,True
camera_sweep2.log,1,63,25.01,25.01,0,756,756,0,0,30,-1.0,23.0,-1.0,1.0,3,41.0,True
camera_sweep2.log,1,64,30.09,30.09,0,817,817,0,0,30,-1.0,21.0,-1.0,1.0,3,41.0,True
camera_sweep2.log,1,65,29.91,29.91,0,877,877,0,0,30,-1.0,18.0,-1.0,1.0,3,41.0,True
camera_sweep2.log,1,66,30.33,30.33,0,938,938,0,0,30,-1.0,20.0,-1.0,1.0,3,41.0,True
camera_sweep2.log,1,67,29.7,29.7,0,998,998,0,0,30,-1.0,22.0,-1.0,1.0,3,41.0,True
camera_sweep2.log,1,68,30.5,30.0,0,1060,1059,0,0,30,-1.0,20.0,-1.0,1.0,3,41.0,True
camera_sweep2.log,1,69,29.63,30.12,0,1120,1120,0,0,30,-1.0,22.0,-1.0,1.0,3,41.0,True
camera_sweep2.log,1,70,29.38,29.38,0,1179,1179,0,0,30,-1.0,21.0,-1.0,1.0,3,41.0,True
camera_sweep2.log,1,71,29.05,29.05,0,1240,1240,0,0,30,-1.0,22.0,-1.0,1.0,3,41.0,True
camera_sweep2.log,1,72,21.2,21.2,0,1283,1283,0,0,30,-1.0,23.0,-1.0,1.0,3,41.0,True
camera_sweep2.log,1,73,26.55,26.55,0,1337,1337,0,0,30,-1.0,23.0,-1.0,1.0,3,41.0,True
camera_sweep2.log,1,74,30.2,30.2,0,1398,1398,0,0,30,-1.0,21.0,-1.0,1.0,3,41.0,True
camera_sweep2.log,1,75,29.4,29.4,0,1457,1457,0,0,30,-1.0,22.0,-1.0,1.0,3,41.0,True
camera_sweep2.log,1,76,30.3,29.81,0,1518,1517,0,0,30,-1.0,21.0,-1.0,1.0,3,41.0,True
camera_sweep2.log,1,77,29.78,30.27,0,1578,1578,0,0,30,-1.0,20.0,-1.0,1.0,3,41.0,True
camera_sweep2.log,1,78,26.52,26.52,0,1634,1634,0,0,30,-1.0,22.0,-1.0,1.0,3,41.0,True
camera_sweep2.log,1,79,26.8,26.8,0,1688,1688,0,0,30,-1.0,21.0,-1.0,1.0,3,41.0,True
camera_sweep2.log,1,80,29.4,29.4,0,1748,1748,0,0,30,-1.0,22.0,-1.0,1.0,3,41.0,True
camera_sweep2.log,1,81,30.3,29.81,0,1810,1809,0,0,30,-1.0,22.0,-1.0,1.0,3,41.0,True
camera_sweep2.log,1,82,29.7,30.2,0,1870,1870,0,0,30,-1.0,20.0,-1.0,1.0,3,41.0,True
camera_sweep2.log,1,83,29.46,29.46,0,1929,1929,0,0,30,-1.0,21.0,-1.0,1.0,3,41.0,True
camera_sweep2.log,1,84,30.0,30.0,0,1990,1990,0,0,30,-1.0,21.0,-1.0,1.0,3,41.0,True
camera_sweep2.log,1,85,30.05,30.05,0,2051,2051,0,0,30,-1.0,20.0,-1.0,1.0,3,41.0,True
camera_sweep2.log,3,86,29.93,29.93,0,60,60,0,0,0,-1.0,-1.0,-1.0,-1.0,3,40.0,True
camera_sweep2.log,3,87,30.12,30.12,0,121,121,0,0,0,-1.0,-1.0,-1.0,-1.0,3,40.0,True
camera_sweep2.log,3,88,29.95,29.95,0,182,182,0,0,0,-1.0,-1.0,-1.0,-1.0,3,40.0,True
camera_sweep2.log,3,89,30.0,30.0,0,243,243,0,0,0,-1.0,-1.0,-1.0,-1.0,3,40.0,True
camera_sweep2.log,3,90,29.96,29.96,0,304,304,0,0,0,-1.0,-1.0,-1.0,-1.0,3,40.0,True
camera_sweep2.log,3,91,29.72,29.72,0,364,364,0,0,0,-1.0,-1.0,-1.0,-1.0,3,40.0,True
camera_sweep2.log,3,92,30.03,30.03,0,425,425,0,0,0,-1.0,-1.0,-1.0,-1.0,3,40.0,True
camera_sweep2.log,3,93,30.12,30.12,0,486,486,0,0,0,-1.0,-1.0,-1.0,-1.0,3,40.0,True
camera_sweep2.log,3,94,29.96,29.96,0,546,546,0,0,0,-1.0,-1.0,-1.0,-1.0,3,40.0,True
camera_sweep2.log,3,95,29.99,29.99,0,606,606,0,0,0,-1.0,-1.0,-1.0,-1.0,3,40.0,True
camera_sweep2.log,3,96,30.0,30.0,0,666,666,0,0,0,-1.0,-1.0,-1.0,-1.0,3,40.0,True
camera_sweep2.log,3,97,29.99,29.99,0,727,727,0,0,0,-1.0,-1.0,-1.0,-1.0,3,40.0,True
camera_sweep2.log,3,98,29.99,29.99,0,788,788,0,0,0,-1.0,-1.0,-1.0,-1.0,3,40.0,True
camera_sweep2.log,3,99,30.08,30.08,0,849,849,0,0,0,-1.0,-1.0,-1.0,-1.0,3,40.0,True
camera_sweep2.log,3,100,29.91,29.91,0,909,909,0,0,0,-1.0,-1.0,-1.0,-1.0,3,40.0,True
camera_sweep2.log,3,101,30.17,30.17,0,970,970,0,0,0,-1.0,-1.0,-1.0,-1.0,3,40.0,True
camera_sweep2.log,3,102,29.88,29.88,0,1030,1030,0,0,0,-1.0,-1.0,-1.0,-1.0,3,40.0,True
camera_sweep2.log,3,103,30.05,30.05,0,1091,1091,0,0,0,-1.0,-1.0,-1.0,-1.0,3,40.0,True
camera_sweep2.log,3,104,29.98,29.98,0,1152,1152,0,0,0,-1.0,-1.0,-1.0,-1.0,3,40.0,True
camera_sweep2.log,3,105,29.99,29.99,0,1212,1212,0,0,0,-1.0,-1.0,-1.0,-1.0,3,40.0,True
camera_sweep2.log,3,106,30.11,30.11,0,1273,1273,0,0,0,-1.0,-1.0,-1.0,-1.0,3,40.0,True
camera_sweep2.log,3,107,29.94,29.94,0,1333,1333,0,0,0,-1.0,-1.0,-1.0,-1.0,3,40.0,True
camera_sweep2.log,3,108,30.08,30.08,0,1394,1394,0,0,0,-1.0,-1.0,-1.0,-1.0,3,40.0,True
camera_sweep2.log,3,109,29.49,29.49,0,1453,1453,0,0,0,-1.0,-1.0,-1.0,-1.0,3,40.0,True
camera_sweep2.log,3,110,30.08,30.08,0,1514,1514,0,0,0,-1.0,-1.0,-1.0,-1.0,3,40.0,True
camera_sweep2.log,3,111,29.97,29.97,0,1574,1574,0,0,0,-1.0,-1.0,-1.0,-1.0,3,40.0,True
camera_sweep2.log,3,112,29.94,29.94,0,1634,1634,0,0,0,-1.0,-1.0,-1.0,-1.0,3,40.0,True
camera_sweep2.log,3,113,30.0,30.0,0,1695,1695,0,0,0,-1.0,-1.0,-1.0,-1.0,3,40.0,True
camera_sweep2.log,3,114,30.06,30.06,0,1756,1756,0,0,0,-1.0,-1.0,-1.0,-1.0,3,40.0,True
camera_sweep2.log,3,115,30.03,30.03,0,1817,1817,0,0,0,-1.0,-1.0,-1.0,-1.0,3,40.0,True
camera_sweep2.log,3,116,29.99,29.99,0,1877,1877,0,0,0,-1.0,-1.0,-1.0,-1.0,3,40.0,True
camera_sweep2.log,3,117,29.96,29.96,0,1937,1937,0,0,0,-1.0,-1.0,-1.0,-1.0,3,40.0,True
camera_sweep2.log,3,118,30.05,30.05,0,1998,1998,0,0,0,-1.0,-1.0,-1.0,-1.0,3,40.0,True
camera_sweep2.log,3,119,29.97,29.97,0,2058,2058,0,0,0,-1.0,-1.0,-1.0,-1.0,3,40.0,True
camera_sweep2.log,3,120,29.9,29.9,0,2118,2118,0,0,0,-1.0,-1.0,-1.0,-1.0,3,40.0,True
camera_sweep2.log,4,121,29.93,0.0,0,60,0,0,0,0,-1.0,-1.0,-1.0,-1.0,3,40.0,True
camera_sweep2.log,4,122,29.93,0.0,0,120,0,0,0,0,-1.0,-1.0,-1.0,-1.0,3,40.0,True
camera_sweep2.log,4,123,30.0,0.0,0,181,0,0,0,0,-1.0,-1.0,-1.0,-1.0,3,40.0,True
camera_sweep2.log,4,124,30.0,0.0,0,241,0,0,0,0,-1.0,-1.0,-1.0,-1.0,3,40.0,True
camera_sweep2.log,4,125,30.03,0.0,0,302,0,0,0,0,-1.0,-1.0,-1.0,-1.0,3,40.0,True
camera_sweep2.log,4,126,30.06,0.0,0,363,0,0,0,0,-1.0,-1.0,-1.0,-1.0,3,40.0,True
camera_sweep2.log,4,127,30.05,0.0,0,424,0,0,0,0,-1.0,-1.0,-1.0,-1.0,3,40.0,True
camera_sweep2.log,4,128,29.96,0.0,0,484,0,0,0,0,-1.0,-1.0,-1.0,-1.0,3,40.0,True
camera_sweep2.log,4,129,30.0,0.0,0,545,0,0,0,0,-1.0,-1.0,-1.0,-1.0,3,40.0,True
camera_sweep2.log,4,130,29.97,0.0,0,605,0,0,0,0,-1.0,-1.0,-1.0,-1.0,3,40.0,True
camera_sweep2.log,4,131,30.12,0.0,0,666,0,0,0,0,-1.0,-1.0,-1.0,-1.0,3,40.0,True
camera_sweep2.log,4,132,29.99,0.0,0,726,0,0,0,0,-1.0,-1.0,-1.0,-1.0,3,40.0,True
camera_sweep2.log,4,133,30.0,0.0,0,786,0,0,0,0,-1.0,-1.0,-1.0,-1.0,3,40.0,True
camera_sweep2.log,4,134,29.93,0.0,0,846,0,0,0,0,-1.0,-1.0,-1.0,-1.0,3,40.0,True
camera_sweep2.log,4,135,29.6,0.0,0,906,0,0,0,0,-1.0,-1.0,-1.0,-1.0,3,40.0,True
camera_sweep2.log,4,136,30.0,0.0,0,966,0,0,0,0,-1.0,-1.0,-1.0,-1.0,3,40.0,True
camera_sweep2.log,4,137,30.02,0.0,0,1027,0,0,0,0,-1.0,-1.0,-1.0,-1.0,3,40.0,True
camera_sweep2.log,4,138,29.94,0.0,0,1087,0,0,0,0,-1.0,-1.0,-1.0,-1.0,3,40.0,True
camera_sweep2.log,4,139,30.05,0.0,0,1148,0,0,0,0,-1.0,-1.0,-1.0,-1.0,3,40.0,True
camera_sweep2.log,4,140,30.0,0.0,0,1209,0,0,0,0,-1.0,-1.0,-1.0,-1.0,3,40.0,True
camera_sweep2.log,4,141,29.99,0.0,0,1269,0,0,0,0,-1.0,-1.0,-1.0,-1.0,3,40.0,True
camera_sweep2.log,4,142,30.06,0.0,0,1330,0,0,0,0,-1.0,-1.0,-1.0,-1.0,3,40.0,True
camera_sweep2.log,4,143,30.03,0.0,0,1391,0,0,0,0,-1.0,-1.0,-1.0,-1.0,3,40.0,True
camera_sweep2.log,4,144,29.97,0.0,0,1451,0,0,0,0,-1.0,-1.0,-1.0,-1.0,3,40.0,True
camera_sweep2.log,4,145,30.0,0.0,0,1511,0,0,0,0,-1.0,-1.0,-1.0,-1.0,3,40.0,True
camera_sweep2.log,4,146,29.93,0.0,0,1572,0,0,0,0,-1.0,-1.0,-1.0,-1.0,3,40.0,True
camera_sweep2.log,4,147,30.11,0.0,0,1633,0,0,0,0,-1.0,-1.0,-1.0,-1.0,3,40.0,True
camera_sweep2.log,4,148,30.0,0.0,0,1694,0,0,0,0,-1.0,-1.0,-1.0,-1.0,3,40.0,True
camera_sweep2.log,4,149,29.96,0.0,0,1754,0,0,0,0,-1.0,-1.0,-1.0,-1.0,3,40.0,True
camera_sweep2.log,4,150,30.08,0.0,0,1815,0,0,0,0,-1.0,-1.0,-1.0,-1.0,3,40.0,True
camera_sweep2.log,4,151,29.96,0.0,0,1875,0,0,0,0,-1.0,-1.0,-1.0,-1.0,3,40.0,True
camera_sweep2.log,4,152,30.02,0.0,0,1936,0,0,0,0,-1.0,-1.0,-1.0,-1.0,3,40.0,True
camera_sweep2.log,4,153,29.96,0.0,0,1996,0,0,0,0,-1.0,-1.0,-1.0,-1.0,3,40.0,True
camera_sweep2.log,4,154,30.08,0.0,0,2057,0,0,0,0,-1.0,-1.0,-1.0,-1.0,3,40.0,True
camera_sweep2.log,4,155,30.03,0.0,0,2118,0,0,0,0,-1.0,-1.0,-1.0,-1.0,3,40.0,True
camera_sweep2.log,4,156,29.95,0.0,0,2179,0,0,0,0,-1.0,-1.0,-1.0,-1.0,3,40.0,True
